head,policy,budget,threshold,calibration_clean_false_prune_rate,n_trajectories,n_primary_trajectories,n_clean,n_monotone_error,n_recovery,clean_false_prune_rate,pre_error_false_prune_rate,error_coverage,detection_at_0,detection_at_1,detection_at_2,mean_detection_delay,median_detection_delay,theoretical_step_saving_rate,safe_step_saving_rate,error_only_safe_saving_rate,oracle_step_saving_rate,oracle_efficiency_ratio,recovery_prune_rate,clean_false_prune_rate_ci_low,clean_false_prune_rate_ci_high,pre_error_false_prune_rate_ci_low,pre_error_false_prune_rate_ci_high,error_coverage_ci_low,error_coverage_ci_high,detection_at_0_ci_low,detection_at_0_ci_high,detection_at_1_ci_low,detection_at_1_ci_high,detection_at_2_ci_low,detection_at_2_ci_high,safe_step_saving_rate_ci_low,safe_step_saving_rate_ci_high,oracle_efficiency_ratio_ci_low,oracle_efficiency_ratio_ci_high
linear,single_low,0.01,-7.93703031539917,0.00995732574679943,2220,2011,675,1336,209,0.002962962962962963,0.0037425149700598802,0.06287425149700598,0.0037425149700598802,0.008233532934131737,0.01347305389221557,5.273809432983398,5.0,0.02365667047753056,0.021985753231905724,0.03073518564052127,0.4512355993316331,0.04872344572208147,0.3062200956937799,,,,,,,,,,,,,,,,
linear,single_low,0.05,-6.265312671661377,0.049786628733997154,2220,2011,675,1336,209,0.06222222222222222,0.011976047904191617,0.281437125748503,0.0344311377245509,0.07634730538922156,0.12050898203592815,3.6861701011657715,3.0,0.12778119778383606,0.1113358543663706,0.1556429800835997,0.4512355993316331,0.24673552913662053,0.7559808612440191,0.04444444552063942,0.08148147910833359,0.006736526731401682,0.01796407252550125,0.2581961154937744,0.3046407103538513,0.024700598791241646,0.04416167736053467,0.06212574988603592,0.09133609384298325,0.10327469557523727,0.13922156393527985,0.09788971394300461,0.12429045885801315,0.22016416490077972,0.2718815505504608
linear,single_low,0.1,-5.720269203186035,0.09957325746799431,2220,2011,675,1336,209,0.10814814814814815,0.023203592814371257,0.38173652694610777,0.06437125748502993,0.11976047904191617,0.18488023952095808,3.117647171020508,3.0,0.1773810570750154,0.15222935537771523,0.21281042537496928,0.4512355993316331,0.33736113817969204,0.8516746411483254,,,,,,,,,,,,,,,,
linear,two_consecutive,0.01,-7.351310729980469,0.00995732574679943,2220,2011,675,1336,209,0.0014814814814814814,0.0007485029940119761,0.040419161676646706,0.002245508982035928,0.0037425149700598802,0.006736526946107785,5.4259257316589355,5.0,0.010201389499604257,0.009585788409110896,0.013400540939267272,0.4512355993316331,0.021243422334827518,0.07177033492822966,,,,,,,,,,,,,,,,
linear,two_consecutive,0.05,-5.614974498748779,0.049786628733997154,2220,2011,675,1336,209,0.054814814814814816,0.009730538922155689,0.2402694610778443,0.0074850299401197605,0.04565868263473054,0.07784431137724551,4.149532794952393,4.0,0.09198839152229356,0.0795004836865711,0.11113843127612491,0.4512355993316331,0.17618397973104657,0.22488038277511962,,,,,,,,,,,,,,,,
linear,two_consecutive,0.1,-4.874321460723877,0.09957325746799431,2220,2011,675,1336,209,0.10814814814814815,0.017964071856287425,0.3615269461077844,0.023203592814371257,0.10254491017964072,0.16841317365269462,3.1469979286193848,3.0,0.157417993140445,0.13191451939143434,0.1844111138431276,0.4512355993316331,0.2923406743324888,0.37320574162679426,,,,,,,,,,,,,,,,
mlp,single_low,0.01,-8.662935256958008,0.00995732574679943,2220,2011,675,1336,209,0.013333333333333334,0.0014970059880239522,0.20508982035928144,0.02844311377245509,0.05688622754491018,0.08383233532934131,3.8540146350860596,3.0,0.0898777592120306,0.08715152581127429,0.12183427587902632,0.4512355993316331,0.19313973884233093,0.7990430622009569,,,,,,,,,,,,,,,,
mlp,single_low,0.05,-7.324422359466553,0.049786628733997154,2220,2011,675,1336,209,0.045925925925925926,0.0074850299401197605,0.37799401197604793,0.08532934131736528,0.17664670658682635,0.23353293413173654,2.5663366317749023,2.0,0.1762377979069563,0.16163925776097088,0.22596508482911237,0.4512355993316331,0.35821477294874293,0.8995215311004785,0.029629629105329514,0.06222222372889519,0.002994012087583542,0.011976048350334167,0.351796418428421,0.40643712878227234,0.07034056633710861,0.10104790329933167,0.15643712878227234,0.19760479032993317,0.21031062304973602,0.25673651695251465,0.14591021835803986,0.1773700714111328,0.32787758111953735,0.38569900393486023
mlp,single_low,0.1,-6.299703598022461,0.09957325746799431,2220,2011,675,1336,209,0.1037037037037037,0.03143712574850299,0.5254491017964071,0.18413173652694612,0.31362275449101795,0.38997005988023953,1.7777777910232544,1.0,0.2605751473045467,0.22214405065517545,0.3105483157118269,0.4512355993316331,0.49230169557591114,0.9521531100478469,,,,,,,,,,,,,,,,
mlp,two_consecutive,0.01,-8.014399528503418,0.00995732574679943,2220,2011,675,1336,209,0.011851851851851851,0.002245508982035928,0.13922155688622753,0.0007485029940119761,0.014221556886227544,0.03143712574850299,4.564516067504883,4.0,0.05883387564857972,0.05575587019611292,0.07794443078436193,0.4512355993316331,0.12356265835119859,0.16267942583732056,,,,,,,,,,,,,,,,
mlp,two_consecutive,0.05,-6.337478160858154,0.049786628733997154,2220,2011,675,1336,209,0.05185185185185185,0.009730538922155689,0.30538922155688625,0.012724550898203593,0.11077844311377245,0.1781437125748503,2.8553922176361084,2.0,0.15152581127429426,0.13384926567584204,0.1871158101794935,0.4512355993316331,0.29662833755603196,0.3014354066985646,,,,,,,,,,,,,,,,
mlp,two_consecutive,0.1,-5.322052478790283,0.09957325746799431,2220,2011,675,1336,209,0.09777777777777778,0.023203592814371257,0.4438622754491018,0.03592814371257485,0.23652694610778444,0.32110778443113774,2.0843169689178467,1.0,0.21440506551754462,0.18186615073432416,0.25424145561839195,0.4512355993316331,0.40304034301305786,0.3492822966507177,,,,,,,,,,,,,,,,
cnn,single_low,0.01,-12.081160545349121,0.00995732574679943,2220,2011,675,1336,209,0.01037037037037037,0.012724550898203593,0.03218562874251497,0.014221556886227544,0.015718562874251496,0.016467065868263474,3.9069766998291016,2.0,0.018380089701873187,0.01301556591328819,0.018195229899188592,0.4512355993316331,0.028844279867472226,0.3492822966507177,,,,,,,,,,,,,,,,
cnn,single_low,0.05,-10.193427085876465,0.049786628733997154,2220,2011,675,1336,209,0.04148148148148148,0.035179640718562874,0.09505988023952096,0.04565868263473054,0.05763473053892216,0.06287425149700598,2.543307065963745,1.0,0.04959985929117931,0.034121889015917686,0.04770100811408901,0.4512355993316331,0.07561878776067044,0.507177033492823,0.02666666731238365,0.057777777314186096,0.025449100881814957,0.04565868154168129,0.08008982241153717,0.11152694374322891,0.03517964109778404,0.05763472989201546,0.04565868154168129,0.07110778242349625,0.05089820176362991,0.07636603713035583,0.026885755360126495,0.04263244569301605,0.05990811437368393,0.09444394707679749
cnn,single_low,0.1,-8.889875411987305,0.09957325746799431,2220,2011,675,1336,209,0.09481481481481481,0.0718562874251497,0.23952095808383234,0.09206586826347306,0.12275449101796407,0.14296407185628743,2.784374952316284,1.0,0.11458974584469264,0.07923665464778823,0.11076960904843865,0.4512355993316331,0.1755992983823816,0.6411483253588517,,,,,,,,,,,,,,,,
cnn,two_consecutive,0.01,-8.700626373291016,0.00995732574679943,2220,2011,675,1336,209,0.0044444444444444444,0.0037425149700598802,0.09056886227544911,0.008233532934131737,0.023952095808383235,0.029940119760479042,4.322314262390137,4.0,0.024360214580951542,0.022953126374109577,0.0320875338087042,0.4512355993316331,0.05086727733385305,0.10526315789473684,,,,,,,,,,,,,,,,
cnn,two_consecutive,0.05,-7.351523399353027,0.049786628733997154,2220,2011,675,1336,209,0.045925925925925926,0.010479041916167664,0.28592814371257486,0.02619760479041916,0.08532934131736528,0.11377245508982035,3.447643995285034,3.0,0.08688769677249143,0.07826928150558438,0.10941726088025572,0.4512355993316331,0.17345546677061002,0.16267942583732056,,,,,,,,,,,,,,,,
cnn,two_consecutive,0.1,-6.329837799072266,0.09957325746799431,2220,2011,675,1336,209,0.0962962962962963,0.02844311377245509,0.4438622754491018,0.05688622754491018,0.16991017964071856,0.2372754491017964,2.6172006130218506,2.0,0.16075982763169466,0.1363996130507431,0.19068109171379394,0.4512355993316331,0.3022802572597934,0.22009569377990432,,,,,,,,,,,,,,,,
gru,single_low,0.01,-10.004229545593262,0.00995732574679943,2220,2011,675,1336,209,0.008888888888888889,0.002245508982035928,0.19011976047904192,0.011976047904191617,0.0374251497005988,0.061377245508982034,4.216535568237305,4.0,0.06921115117403923,0.0668366898249934,0.09343496434718465,0.4512355993316331,0.14811927499512764,0.7129186602870813,,,,,,,,,,,,,,,,
gru,single_low,0.05,-8.01374340057373,0.049786628733997154,2220,2011,675,1336,209,0.054814814814814816,0.020958083832335328,0.4341317365269461,0.06661676646706587,0.1474550898203593,0.23502994011976047,2.787930965423584,2.0,0.17386333655791048,0.15759387916630024,0.22030981067125646,0.4512355993316331,0.34924965893587995,0.8660287081339713,0.0385185182094574,0.07111111283302307,0.013473053462803364,0.02919161692261696,0.4071856141090393,0.45958083868026733,0.053892213851213455,0.07934131473302841,0.128742516040802,0.16616766154766083,0.21257485449314117,0.25673651695251465,0.14392215013504028,0.17203223705291748,0.3231807351112366,0.3756852149963379
gru,single_low,0.1,-6.88909912109375,0.09957325746799431,2220,2011,675,1336,209,0.10222222222222223,0.04341317365269461,0.5247005988023952,0.10553892215568862,0.23802395209580837,0.35254491017964074,2.1455063819885254,2.0,0.24219505760267346,0.20877671269017675,0.29186132284238997,0.4512355993316331,0.4626778405768856,0.937799043062201,,,,,,,,,,,,,,,,
gru,two_consecutive,0.01,-9.11765193939209,0.00995732574679943,2220,2011,675,1336,209,0.011851851851851851,0.0007485029940119761,0.12949101796407186,0.004491017964071856,0.010479041916167664,0.027694610778443114,4.572254180908203,4.0,0.03790343857180547,0.036584293377891125,0.05114334890582739,0.4512355993316331,0.08107581368154355,0.10526315789473684,,,,,,,,,,,,,,,,
gru,two_consecutive,0.05,-7.204776763916016,0.049786628733997154,2220,2011,675,1336,209,0.056296296296296296,0.011976047904191617,0.35104790419161674,0.01721556886227545,0.06961077844311377,0.1437125748502994,3.279317617416382,3.0,0.12118547181426435,0.10896139301732477,0.1523235800344234,0.4512355993316331,0.24147339699863574,0.17703349282296652,,,,,,,,,,,,,,,,
gru,two_consecutive,0.1,-6.0051045417785645,0.09957325746799431,2220,2011,675,1336,209,0.09037037037037036,0.029191616766467067,0.4723053892215569,0.033682634730538924,0.14820359281437126,0.28592814371257486,2.4960379600524902,2.0,0.18186615073432416,0.1586491953214317,0.2217850995820015,0.4512355993316331,0.35158838433053985,0.2727272727272727,,,,,,,,,,,,,,,,
attention,single_low,0.01,-9.676360130310059,0.00995732574679943,2220,2011,675,1336,209,0.008888888888888889,0.0014970059880239522,0.12949101796407186,0.0074850299401197605,0.017964071856287425,0.03817365269461078,4.3179192543029785,4.0,0.05795444551930349,0.05487644006683669,0.07671502335874109,0.4512355993316331,0.12161372052231534,0.6411483253588517,,,,,,,,,,,,,,,,
attention,single_low,0.05,-8.52728271484375,0.049786628733997154,2220,2011,675,1336,209,0.05185185185185185,0.01122754491017964,0.36002994011976047,0.051646706586826345,0.13323353293413173,0.21781437125748504,2.4864864349365234,2.0,0.17808460117843639,0.15952862545070795,0.22301450700762232,0.4512355993316331,0.35353732215942313,0.7607655502392344,0.03700000047683716,0.06962963193655014,0.005988024175167084,0.01721556857228279,0.33458083868026733,0.38474926352500916,0.040419161319732666,0.06362275779247284,0.11526945978403091,0.15046782791614532,0.19459205865859985,0.2402694672346115,0.1433083713054657,0.17445342242717743,0.321957528591156,0.38137248158454895
attention,single_low,0.1,-7.71911096572876,0.09957325746799431,2220,2011,675,1336,209,0.10962962962962963,0.030688622754491017,0.5134730538922155,0.1339820359281437,0.28218562874251496,0.39146706586826346,1.7274051904678345,1.0,0.2653240700026383,0.2242546829654384,0.31349889353331695,0.4512355993316331,0.49697914636523094,0.8564593301435407,,,,,,,,,,,,,,,,
attention,two_consecutive,0.01,-9.158287048339844,0.00995732574679943,2220,2011,675,1336,209,0.01925925925925926,0.0014970059880239522,0.12125748502994012,0.0014970059880239522,0.005239520958083832,0.023203592814371257,4.635802268981934,4.0,0.04977574531703456,0.04432327851552194,0.06196213425129088,0.4512355993316331,0.09822646657571624,0.06220095693779904,,,,,,,,,,,,,,,,
attention,two_consecutive,0.05,-8.044537544250488,0.049786628733997154,2220,2011,675,1336,209,0.044444444444444446,0.0037425149700598802,0.281437125748503,0.009730538922155689,0.06736526946107785,0.1309880239520958,2.875,3.0,0.14422654120130154,0.13041948817166477,0.18232112121957217,0.4512355993316331,0.28902748002338724,0.1291866028708134,,,,,,,,,,,,,,,,
attention,two_consecutive,0.1,-6.735736846923828,0.09957325746799431,2220,2011,675,1336,209,0.10518518518518519,0.023203592814371257,0.44610778443113774,0.027694610778443114,0.2252994011976048,0.3338323353293413,1.9278523921966553,1.0,0.23401635740040455,0.19593703280274383,0.27391197442832554,0.4512355993316331,0.43422334827519005,0.22966507177033493,,,,,,,,,,,,,,,,
attention_pe,single_low,0.01,-9.217748641967773,0.00995732574679943,2220,2011,675,1336,209,0.0044444444444444444,0.0014970059880239522,0.156437125748503,0.01122754491017964,0.030688622754491017,0.05763473053892216,3.899521589279175,4.0,0.06938703719989447,0.06780406296719725,0.0947873125153676,0.4512355993316331,0.15026310660689923,0.7320574162679426,,,,,,,,,,,,,,,,
attention_pe,single_low,0.05,-7.844517707824707,0.049786628733997154,2220,2011,675,1336,209,0.07407407407407407,0.02245508982035928,0.41092814371257486,0.07859281437125748,0.18712574850299402,0.2717065868263473,2.3132967948913574,2.0,0.20455544806965087,0.17439099463547622,0.24379149250061471,0.4512355993316331,0.3864743714675502,0.8516746411483254,0.054814815521240234,0.09481481462717056,0.014970059506595135,0.02994011901319027,0.38547903299331665,0.4371257424354553,0.06510104238986969,0.09356287121772766,0.16616766154766083,0.2103293389081955,0.24775448441505432,0.2971556782722473,0.15899419784545898,0.18993408977985382,0.35817933082580566,0.4155329167842865
attention_pe,single_low,0.1,-7.302070617675781,0.09957325746799431,2220,2011,675,1336,209,0.11555555555555555,0.03592814371257485,0.5074850299401198,0.1339820359281437,0.2791916167664671,0.3884730538922156,1.7713863849639893,1.0,0.2653240700026383,0.21871427315099815,0.3057536267519056,0.4512355993316331,0.4847008380432664,0.9090909090909091,,,,,,,,,,,,,,,,
attention_pe,two_consecutive,0.01,-8.894469261169434,0.00995732574679943,2220,2011,675,1336,209,0.002962962962962963,0.0,0.08982035928143713,0.0007485029940119761,0.0029940119760479044,0.016467065868263474,4.375,4.0,0.034649547093483425,0.03438571805470055,0.04806983034177526,0.4512355993316331,0.07620346910933541,0.08133971291866028,,,,,,,,,,,,,,,,
attention_pe,two_consecutive,0.05,-7.282586097717285,0.049786628733997154,2220,2011,675,1336,209,0.056296296296296296,0.015718562874251496,0.3278443113772455,0.010479041916167664,0.09131736526946108,0.17889221556886228,2.767123222351074,2.0,0.1597045114765632,0.13771875824465746,0.19252520285222524,0.4512355993316331,0.3052036640031183,0.18181818181818182,,,,,,,,,,,,,,,,
attention_pe,two_consecutive,0.1,-6.6809492111206055,0.09957325746799431,2220,2011,675,1336,209,0.10814814814814815,0.025449101796407185,0.4124251497005988,0.02619760479041916,0.16467065868263472,0.281437125748503,2.2413792610168457,2.0,0.21334974936241316,0.17491865271304194,0.24452913695598721,0.4512355993316331,0.3876437341648801,0.24401913875598086,,,,,,,,,,,,,,,,
random_score,single_low,0.01,0.0028082134667783976,0.00995732574679943,2220,2011,675,1336,209,0.007407407407407408,0.0037425149700598802,0.01347305389221557,0.0037425149700598802,0.008233532934131737,0.008982035928143712,2.6111111640930176,1.0,0.006859555008354586,0.004397150646381145,0.006147037128104254,0.4512355993316331,0.009744689144416294,0.05741626794258373,,,,,,,,,,,,,,,,
random_score,single_low,0.05,0.011866808868944645,0.049786628733997154,2220,2011,675,1336,209,0.05037037037037037,0.0187125748502994,0.0531437125748503,0.014970059880239521,0.023952095808383235,0.03293413173652695,2.7183098793029785,2.0,0.036584293377891125,0.0199630639345704,0.02790754856159331,0.4512355993316331,0.04424088871564997,0.1291866028708134,,,,,,,,,,,,,,,,
random_score,single_low,0.1,0.024541081860661507,0.09957325746799431,2220,2011,675,1336,209,0.09925925925925926,0.035179640718562874,0.09805389221556886,0.029191616766467067,0.04640718562874251,0.06212574850299401,2.648854970932007,2.0,0.07316858675578225,0.040893501011344646,0.05716744529136956,0.4512355993316331,0.09062560904307153,0.23444976076555024,,,,,,,,,,,,,,,,
random_score,two_consecutive,0.01,0.058632079511880875,0.00995732574679943,2220,2011,675,1336,209,0.01037037037037037,0.0029940119760479044,0.01721556886227545,0.0,0.0037425149700598802,0.006736526946107785,4.043478488922119,3.0,0.010641104564242372,0.00791487116348606,0.011064666830587657,0.4512355993316331,0.017540440459949326,0.07655502392344497,,,,,,,,,,,,,,,,
random_score,two_consecutive,0.05,0.11132986098527908,0.049786628733997154,2220,2011,675,1336,209,0.03259259259259259,0.006736526946107785,0.05389221556886228,0.006736526946107785,0.016467065868263474,0.027694610778443114,3.7638888359069824,2.0,0.02462404361973441,0.019611291882859906,0.02741578559134497,0.4512355993316331,0.04346131358409667,0.15311004784688995,,,,,,,,,,,,,,,,
random_score,two_consecutive,0.1,0.16579939424991608,0.09957325746799431,2220,2011,675,1336,209,0.0874074074074074,0.01721556886227545,0.10329341317365269,0.009730538922155689,0.03592814371257485,0.05239520958083832,3.4855072498321533,2.0,0.05883387564857972,0.0395743558174303,0.05532333415293828,0.4512355993316331,0.08770220229974664,0.2679425837320574,,,,,,,,,,,,,,,,
no_pruning,none,0.0,,,2223,2014,678,1336,209,0.0,0.0,0.0,0.0,0.0,0.0,,,0.0,0.0,0.0,0.4512355993316331,0.0,0.0,,,,,,,,,,,,,,,,
oracle_first_error,oracle,0.0,,,2223,2014,678,1336,209,0.0,0.0,1.0,1.0,1.0,1.0,0.0,0.0,0.4512355993316331,0.4512355993316331,0.6308089500860585,0.4512355993316331,1.0,0.0,,,,,,,,,,,,,,,,
