arm_a,arm_b,roc_auc_diff,roc_auc_diff_ci_low,roc_auc_diff_ci_high,roc_auc_prob_a_better,roc_auc_prob_a_worse,roc_auc_significant,average_precision_diff,average_precision_diff_ci_low,average_precision_diff_ci_high,average_precision_prob_a_better,average_precision_prob_a_worse,average_precision_significant
linear_lr1e-4,linear_lr3e-5,0.000939488410949707,-0.00015157610177993775,0.001979163289070127,0.959,0.041,False,0.0009365677833557129,-0.0005972579121589661,0.0024983003735542277,0.869,0.131,False
linear_lr1e-4,linear_lr3e-4,0.0004159212112426758,-0.0009174659848213196,0.001769958436489105,0.7315,0.2685,False,0.0007420778274536133,-0.001091708242893219,0.002580747008323669,0.754,0.246,False
linear_lr1e-4,mlp_lr1e-4,-0.07017022371292114,-0.07903893291950226,-0.062022538483142854,0.0,1.0,True,-0.07598096132278442,-0.08879363089799881,-0.06307666748762131,0.0,1.0,True
linear_lr1e-4,mlp_lr3e-5,-0.07471507787704468,-0.08420943021774292,-0.06546601951122284,0.0,1.0,True,-0.08007031679153442,-0.09245368540287018,-0.06684516221284867,0.0,1.0,True
linear_lr1e-4,mlp_lr3e-4,-0.049702227115631104,-0.05857524871826172,-0.04150290340185167,0.0,1.0,True,-0.053994596004486084,-0.0657209262251854,-0.04193293452262879,0.0,1.0,True
linear_lr1e-4,cnn_lr1e-4,-0.08136886358261108,-0.09195363372564316,-0.07108415067195893,0.0,1.0,True,-0.08983486890792847,-0.1039379045367241,-0.07647615373134614,0.0,1.0,True
linear_lr1e-4,cnn_lr3e-5,-0.09123027324676514,-0.10213248133659363,-0.081375290453434,0.0,1.0,True,-0.1033279299736023,-0.11793865263462067,-0.08909836411476137,0.0,1.0,True
linear_lr1e-4,cnn_lr3e-4,-0.06456208229064941,-0.0737363800406456,-0.05570772141218186,0.0,1.0,True,-0.07325232028961182,-0.08573156893253327,-0.06091946959495545,0.0,1.0,True
linear_lr1e-4,gru_lr1e-4,-0.08552151918411255,-0.09694475382566452,-0.07385437786579133,0.0,1.0,True,-0.09492617845535278,-0.11086925566196441,-0.07925535142421723,0.0,1.0,True
linear_lr1e-4,gru_lr3e-5,-0.09778022766113281,-0.11155726313591004,-0.08368463218212127,0.0,1.0,True,-0.1031309962272644,-0.12072820812463761,-0.08451176285743714,0.0,1.0,True
linear_lr1e-4,gru_lr3e-4,-0.05135393142700195,-0.06154879331588745,-0.041260100901126875,0.0,1.0,True,-0.05619454383850098,-0.06806276440620422,-0.043709039688110365,0.0,1.0,True
linear_lr1e-4,attention_lr1e-4,-0.1019906997680664,-0.1152303621172905,-0.08895436823368072,0.0,1.0,True,-0.11395269632339478,-0.13082871288061143,-0.09692693203687668,0.0,1.0,True
linear_lr1e-4,attention_lr3e-5,-0.10837739706039429,-0.12225940674543381,-0.0945313036441803,0.0,1.0,True,-0.11706554889678955,-0.1345333620905876,-0.0997480034828186,0.0,1.0,True
linear_lr1e-4,attention_lr3e-4,-0.08388280868530273,-0.09602959901094436,-0.072655588388443,0.0,1.0,True,-0.09452003240585327,-0.11028481721878051,-0.07848356813192368,0.0,1.0,True
linear_lr1e-4,attention_pe_lr1e-4,-0.09790140390396118,-0.11130420714616776,-0.08473142087459565,0.0,1.0,True,-0.10207581520080566,-0.12041573524475098,-0.08431021869182587,0.0,1.0,True
linear_lr1e-4,attention_pe_lr3e-5,-0.11297476291656494,-0.127268049120903,-0.0988009497523308,0.0,1.0,True,-0.11831414699554443,-0.13623272329568864,-0.1004308134317398,0.0,1.0,True
linear_lr1e-4,attention_pe_lr3e-4,-0.050048768520355225,-0.06693141013383866,-0.03305983394384385,0.0,1.0,True,-0.044371724128723145,-0.06966549009084702,-0.018440808355808268,0.0005,0.9995,True
linear_lr3e-5,linear_lr3e-4,-0.0005235671997070312,-0.002545569837093353,0.0015496388077735899,0.315,0.685,False,-0.0001944899559020996,-0.003088405728340149,0.0026996880769729593,0.447,0.553,False
linear_lr3e-5,mlp_lr1e-4,-0.07110971212387085,-0.08026614189147949,-0.06291648298501969,0.0,1.0,True,-0.07691752910614014,-0.08956227600574493,-0.0640234261751175,0.0,1.0,True
linear_lr3e-5,mlp_lr3e-5,-0.07565456628799438,-0.08507629930973053,-0.06664671301841736,0.0,1.0,True,-0.08100688457489014,-0.09342705756425858,-0.06764416098594665,0.0,1.0,True
linear_lr3e-5,mlp_lr3e-4,-0.05064171552658081,-0.059440767765045165,-0.04240124821662903,0.0,1.0,True,-0.0549311637878418,-0.06725194007158279,-0.04280219674110413,0.0,1.0,True
linear_lr3e-5,cnn_lr1e-4,-0.08230835199356079,-0.09301571398973466,-0.07194772958755495,0.0,1.0,True,-0.09077143669128418,-0.105327907204628,-0.07717357724905015,0.0,1.0,True
linear_lr3e-5,cnn_lr3e-5,-0.09216976165771484,-0.10321455895900726,-0.08213559091091156,0.0,1.0,True,-0.10426449775695801,-0.1190552681684494,-0.08963484764099121,0.0,1.0,True
linear_lr3e-5,cnn_lr3e-4,-0.06550157070159912,-0.07448153346776962,-0.05688036531209946,0.0,1.0,True,-0.07418888807296753,-0.08672132492065429,-0.06200621277093888,0.0,1.0,True
linear_lr3e-5,gru_lr1e-4,-0.08646100759506226,-0.09819832742214203,-0.0748617395758629,0.0,1.0,True,-0.0958627462387085,-0.1120356872677803,-0.07996193617582321,0.0,1.0,True
linear_lr3e-5,gru_lr3e-5,-0.09871971607208252,-0.11246821731328964,-0.08457015901803973,0.0,1.0,True,-0.10406756401062012,-0.12197925597429275,-0.08553062081336978,0.0,1.0,True
linear_lr3e-5,gru_lr3e-4,-0.05229341983795166,-0.06283574551343918,-0.04202553778886795,0.0,1.0,True,-0.05713111162185669,-0.06905417293310165,-0.04452176988124847,0.0,1.0,True
linear_lr3e-5,attention_lr1e-4,-0.10293018817901611,-0.11653626412153244,-0.08991817086935044,0.0,1.0,True,-0.11488926410675049,-0.1318780153989792,-0.09785524308681488,0.0,1.0,True
linear_lr3e-5,attention_lr3e-5,-0.109316885471344,-0.12321515083312988,-0.09555930942296983,0.0,1.0,True,-0.11800211668014526,-0.13529673963785172,-0.10042644441127778,0.0,1.0,True
linear_lr3e-5,attention_lr3e-4,-0.08482229709625244,-0.09708324670791627,-0.07348866164684296,0.0,1.0,True,-0.09545660018920898,-0.11142180860042572,-0.07948112934827804,0.0,1.0,True
linear_lr3e-5,attention_pe_lr1e-4,-0.09884089231491089,-0.11228508949279785,-0.08546259701251983,0.0,1.0,True,-0.10301238298416138,-0.1213677018880844,-0.08516106307506562,0.0,1.0,True
linear_lr3e-5,attention_pe_lr3e-5,-0.11391425132751465,-0.12829785346984862,-0.09969163537025454,0.0,1.0,True,-0.11925071477890015,-0.13755877763032914,-0.10099274665117264,0.0,1.0,True
linear_lr3e-5,attention_pe_lr3e-4,-0.05098825693130493,-0.06817754954099656,-0.034088343381881714,0.0,1.0,True,-0.04530829191207886,-0.07046090364456177,-0.01939726769924166,0.0005,0.9995,True
linear_lr3e-4,mlp_lr1e-4,-0.07058614492416382,-0.07986396700143814,-0.06209645867347717,0.0,1.0,True,-0.07672303915023804,-0.08998941332101822,-0.06353101879358293,0.0,1.0,True
linear_lr3e-4,mlp_lr3e-5,-0.07513099908828735,-0.08477818369865417,-0.06592555046081544,0.0,1.0,True,-0.08081239461898804,-0.09342964589595795,-0.06724090427160263,0.0,1.0,True
linear_lr3e-4,mlp_lr3e-4,-0.05011814832687378,-0.05891907662153244,-0.04160337746143342,0.0,1.0,True,-0.0547366738319397,-0.06697832942008972,-0.04234185218811036,0.0,1.0,True
linear_lr3e-4,cnn_lr1e-4,-0.08178478479385376,-0.0925393596291542,-0.0714312568306923,0.0,1.0,True,-0.09057694673538208,-0.10489116609096527,-0.07663123011589053,0.0,1.0,True
linear_lr3e-4,cnn_lr3e-5,-0.09164619445800781,-0.1025532379746437,-0.08167952895164492,0.0,1.0,True,-0.10407000780105591,-0.11869309097528458,-0.08960441499948502,0.0,1.0,True
linear_lr3e-4,cnn_lr3e-4,-0.06497800350189209,-0.07425197660923004,-0.055750943720340736,0.0,1.0,True,-0.07399439811706543,-0.0865077555179596,-0.06144048720598221,0.0,1.0,True
linear_lr3e-4,gru_lr1e-4,-0.08593744039535522,-0.09745009690523147,-0.073995940387249,0.0,1.0,True,-0.0956682562828064,-0.11171695441007615,-0.07962293028831482,0.0,1.0,True
linear_lr3e-4,gru_lr3e-5,-0.09819614887237549,-0.11212060749530792,-0.08386605083942417,0.0,1.0,True,-0.10387307405471802,-0.12190997898578644,-0.08529030382633211,0.0,1.0,True
linear_lr3e-4,gru_lr3e-4,-0.05176985263824463,-0.062073341012001036,-0.04138703644275665,0.0,1.0,True,-0.05693662166595459,-0.06898220032453536,-0.04421680271625519,0.0,1.0,True
linear_lr3e-4,attention_lr1e-4,-0.10240662097930908,-0.11579893827438355,-0.08908032327890396,0.0,1.0,True,-0.11469477415084839,-0.1316322475671768,-0.09757259637117387,0.0,1.0,True
linear_lr3e-4,attention_lr3e-5,-0.10879331827163696,-0.12247597724199295,-0.09487127214670182,0.0,1.0,True,-0.11780762672424316,-0.13608237504959106,-0.0997735157608986,0.0,1.0,True
linear_lr3e-4,attention_lr3e-4,-0.08429872989654541,-0.09645494073629379,-0.0728289857506752,0.0,1.0,True,-0.09526211023330688,-0.11109731495380401,-0.07869839817285537,0.0,1.0,True
linear_lr3e-4,attention_pe_lr1e-4,-0.09831732511520386,-0.11209963113069535,-0.08485467433929443,0.0,1.0,True,-0.10281789302825928,-0.12122152298688889,-0.08463017344474794,0.0,1.0,True
linear_lr3e-4,attention_pe_lr3e-5,-0.11339068412780762,-0.1276399776339531,-0.09892110079526902,0.0,1.0,True,-0.11905622482299805,-0.13721366375684738,-0.10070479661226273,0.0,1.0,True
linear_lr3e-4,attention_pe_lr3e-4,-0.0504646897315979,-0.06754624992609023,-0.03333192318677903,0.0,1.0,True,-0.04511380195617676,-0.07034805119037628,-0.018977788090705872,0.0005,0.9995,True
mlp_lr1e-4,mlp_lr3e-5,-0.004544854164123535,-0.008293673396110535,-0.0007564440369606076,0.0105,0.9895,True,-0.00408935546875,-0.010112525522708892,0.0021655753254890427,0.0915,0.9085,False
mlp_lr1e-4,mlp_lr3e-4,0.02046799659729004,0.01574646532535553,0.025215005874633788,1.0,0.0,True,0.02198636531829834,0.01411062479019165,0.029593051970005033,1.0,0.0,True
mlp_lr1e-4,cnn_lr1e-4,-0.011198639869689941,-0.01706380248069763,-0.005113893747329713,0.0,1.0,True,-0.013853907585144043,-0.02193623036146164,-0.004564261436462403,0.0015,0.9985,True
mlp_lr1e-4,cnn_lr3e-5,-0.021060049533843994,-0.026780976355075835,-0.014809808135032663,0.0,1.0,True,-0.02734696865081787,-0.03578750938177109,-0.01846238374710083,0.0,1.0,True
mlp_lr1e-4,cnn_lr3e-4,0.0056081414222717285,0.0005058407783508301,0.01147010326385498,0.9845,0.0155,True,0.0027286410331726074,-0.004854577779769898,0.010982714593410487,0.7575,0.2425,False
mlp_lr1e-4,gru_lr1e-4,-0.015351295471191406,-0.023495429754257204,-0.0070230394601821945,0.0,1.0,True,-0.01894521713256836,-0.029995962977409363,-0.007833279669284827,0.0,1.0,True
mlp_lr1e-4,gru_lr3e-5,-0.02761000394821167,-0.03754929751157761,-0.01708627194166185,0.0,1.0,True,-0.02715003490447998,-0.04021274447441101,-0.013777860999107385,0.0,1.0,True
mlp_lr1e-4,gru_lr3e-4,0.01881629228591919,0.01056050807237625,0.027411137521266934,1.0,0.0,True,0.019786417484283447,0.008459562063217163,0.03176973909139633,1.0,0.0,True
mlp_lr1e-4,attention_lr1e-4,-0.031820476055145264,-0.0414446160197258,-0.022333307564258578,0.0,1.0,True,-0.03797173500061035,-0.049998138844966886,-0.026097366213798524,0.0,1.0,True
mlp_lr1e-4,attention_lr3e-5,-0.038207173347473145,-0.04867855161428451,-0.027866013348102573,0.0,1.0,True,-0.04108458757400513,-0.05396384745836258,-0.028608989715576173,0.0,1.0,True
mlp_lr1e-4,attention_lr3e-4,-0.013712584972381592,-0.02160656601190567,-0.006014525890350354,0.0005,0.9995,True,-0.018539071083068848,-0.02865336835384369,-0.008178608119487767,0.0,1.0,True
mlp_lr1e-4,attention_pe_lr1e-4,-0.02773118019104004,-0.03713369220495224,-0.017490050196647646,0.0,1.0,True,-0.02609485387802124,-0.03859598785638809,-0.012920562922954563,0.0,1.0,True
mlp_lr1e-4,attention_pe_lr3e-5,-0.0428045392036438,-0.05331986993551254,-0.0324585571885109,0.0,1.0,True,-0.04233318567276001,-0.055599504709243776,-0.02916330248117448,0.0,1.0,True
mlp_lr1e-4,attention_pe_lr3e-4,0.020121455192565918,0.006256268918514251,0.033882300555706,0.999,0.001,True,0.03160923719406128,0.010496068000793456,0.05484179407358168,0.997,0.003,True
mlp_lr3e-5,mlp_lr3e-4,0.025012850761413574,0.02010461539030075,0.03022592216730117,1.0,0.0,True,0.02607572078704834,0.01822420656681061,0.034121073782444,1.0,0.0,True
mlp_lr3e-5,cnn_lr1e-4,-0.006653785705566406,-0.01239938586950302,-0.0009909734129905704,0.01,0.99,True,-0.009764552116394043,-0.01758781522512436,-0.0010222226381301918,0.0135,0.9865,True
mlp_lr3e-5,cnn_lr3e-5,-0.01651519536972046,-0.022243861854076386,-0.010880327224731449,0.0,1.0,True,-0.02325761318206787,-0.031666684150695804,-0.014809964597225191,0.0,1.0,True
mlp_lr3e-5,cnn_lr3e-4,0.010152995586395264,0.005082735419273376,0.015717047452926635,1.0,0.0,True,0.006817996501922607,-0.0009135529398918152,0.015353623032569883,0.961,0.039,False
mlp_lr3e-5,gru_lr1e-4,-0.010806441307067871,-0.019053705036640167,-0.002653293311595919,0.002,0.998,True,-0.01485586166381836,-0.025992389023303985,-0.0039127960801124614,0.0055,0.9945,True
mlp_lr3e-5,gru_lr3e-5,-0.023065149784088135,-0.03258843719959259,-0.01345935016870501,0.0,1.0,True,-0.02306067943572998,-0.035989893972873686,-0.009748305380344395,0.0005,0.9995,True
mlp_lr3e-5,gru_lr3e-4,0.023361146450042725,0.014630620181560517,0.032511745393276205,1.0,0.0,True,0.023875772953033447,0.012099236249923706,0.03627442121505737,0.9995,0.0005,True
mlp_lr3e-5,attention_lr1e-4,-0.02727562189102173,-0.03688074052333832,-0.017634913325309767,0.0,1.0,True,-0.03388237953186035,-0.04589458703994751,-0.02222841531038285,0.0,1.0,True
mlp_lr3e-5,attention_lr3e-5,-0.03366231918334961,-0.04411449283361435,-0.02378000169992447,0.0,1.0,True,-0.03699523210525513,-0.049635814130306245,-0.024653671681880956,0.0,1.0,True
mlp_lr3e-5,attention_lr3e-4,-0.009167730808258057,-0.017273524403572084,-0.0011843457818031344,0.011,0.989,True,-0.014449715614318848,-0.024864481389522554,-0.004019656777381907,0.004,0.996,True
mlp_lr3e-5,attention_pe_lr1e-4,-0.023186326026916504,-0.03275550603866577,-0.013275080919265748,0.0,1.0,True,-0.02200549840927124,-0.034760010242462155,-0.009266291558742533,0.0,1.0,True
mlp_lr3e-5,attention_pe_lr3e-5,-0.038259685039520264,-0.04873861521482468,-0.028262892365455636,0.0,1.0,True,-0.03824383020401001,-0.05193990767002106,-0.02536743134260178,0.0,1.0,True
mlp_lr3e-5,attention_pe_lr3e-4,0.024666309356689453,0.010803668200969696,0.03871537148952482,1.0,0.0,True,0.03569859266281128,0.014115114510059357,0.0586559623479843,0.9995,0.0005,True
mlp_lr3e-4,cnn_lr1e-4,-0.03166663646697998,-0.038468973338603975,-0.02486081719398499,0.0,1.0,True,-0.03584027290344238,-0.04513738602399826,-0.02617013305425644,0.0,1.0,True
mlp_lr3e-4,cnn_lr3e-5,-0.04152804613113403,-0.049015311896800993,-0.034043595194816596,0.0,1.0,True,-0.04933333396911621,-0.06037517637014389,-0.03857192844152451,0.0,1.0,True
mlp_lr3e-4,cnn_lr3e-4,-0.01485985517501831,-0.02010176032781601,-0.009405635297298431,0.0,1.0,True,-0.019257724285125732,-0.027553050220012663,-0.011051261425018312,0.0,1.0,True
mlp_lr3e-4,gru_lr1e-4,-0.035819292068481445,-0.04540208876132965,-0.026462675631046307,0.0,1.0,True,-0.0409315824508667,-0.054096005856990814,-0.02814690619707108,0.0,1.0,True
mlp_lr3e-4,gru_lr3e-5,-0.04807800054550171,-0.05926169604063034,-0.036438448727130895,0.0,1.0,True,-0.04913640022277832,-0.06357360035181045,-0.03335975259542467,0.0,1.0,True
mlp_lr3e-4,gru_lr3e-4,-0.0016517043113708496,-0.010123847424983979,0.0069665715098381,0.3565,0.6435,False,-0.0021999478340148926,-0.01381232738494873,0.009416922926902771,0.367,0.633,False
mlp_lr3e-4,attention_lr1e-4,-0.0522884726524353,-0.06284330934286117,-0.04173087030649186,0.0,1.0,True,-0.05995810031890869,-0.07425336241722107,-0.04633445888757706,0.0,1.0,True
mlp_lr3e-4,attention_lr3e-5,-0.058675169944763184,-0.0700320690870285,-0.04698499739170075,0.0,1.0,True,-0.06307095289230347,-0.07844001352787018,-0.0478221669793129,0.0,1.0,True
mlp_lr3e-4,attention_lr3e-4,-0.03418058156967163,-0.04330726414918899,-0.025407248735427858,0.0,1.0,True,-0.04052543640136719,-0.05165141671895981,-0.02937334030866625,0.0,1.0,True
mlp_lr3e-4,attention_pe_lr1e-4,-0.04819917678833008,-0.05960515737533569,-0.03648513406515124,0.0,1.0,True,-0.04808121919631958,-0.06324755102396011,-0.03312436044216158,0.0,1.0,True
mlp_lr3e-4,attention_pe_lr3e-5,-0.06327253580093384,-0.0756637543439865,-0.05117840021848679,0.0,1.0,True,-0.06431955099105835,-0.07998524457216263,-0.04886399358510972,0.0,1.0,True
mlp_lr3e-4,attention_pe_lr3e-4,-0.0003465414047241211,-0.015088209509849548,0.013976337015628781,0.485,0.515,False,0.00962287187576294,-0.01393512636423111,0.033307266235351546,0.784,0.216,False
cnn_lr1e-4,cnn_lr3e-5,-0.009861409664154053,-0.01539335995912552,-0.00445789694786072,0.0,1.0,True,-0.013493061065673828,-0.020862792432308198,-0.006310904026031501,0.0,1.0,True
cnn_lr1e-4,cnn_lr3e-4,0.01680678129196167,0.011266224086284637,0.022491349279880522,1.0,0.0,True,0.01658254861831665,0.009638722240924835,0.02385832667350768,1.0,0.0,True
cnn_lr1e-4,gru_lr1e-4,-0.004152655601501465,-0.011869029700756073,0.0031185567378997753,0.142,0.858,False,-0.005091309547424316,-0.014613911509513855,0.004367722570896138,0.1585,0.8415,False
cnn_lr1e-4,gru_lr3e-5,-0.01641136407852173,-0.025539346039295197,-0.007239165902137757,0.0,1.0,True,-0.013296127319335938,-0.02527553290128708,-0.0007084041833877612,0.02,0.98,True
cnn_lr1e-4,gru_lr3e-4,0.03001493215560913,0.021596628427505492,0.03876430541276932,1.0,0.0,True,0.03364032506942749,0.02181258946657181,0.04563843309879303,1.0,0.0,True
cnn_lr1e-4,attention_lr1e-4,-0.020621836185455322,-0.029915818572044374,-0.0116447851061821,0.0,1.0,True,-0.02411782741546631,-0.03496296852827072,-0.013199302554130559,0.0,1.0,True
cnn_lr1e-4,attention_lr3e-5,-0.027008533477783203,-0.03650844842195511,-0.01763280034065247,0.0,1.0,True,-0.027230679988861084,-0.03843618333339691,-0.016569779813289647,0.0,1.0,True
cnn_lr1e-4,attention_lr3e-4,-0.0025139451026916504,-0.009763653576374053,0.004212664067745206,0.223,0.777,False,-0.004685163497924805,-0.013489556312561036,0.0042883962392807,0.1475,0.8525,False
cnn_lr1e-4,attention_pe_lr1e-4,-0.016532540321350098,-0.02682023197412491,-0.00605050474405289,0.0015,0.9985,True,-0.012240946292877197,-0.024778912961483,-0.00016121715307238426,0.025,0.975,True
cnn_lr1e-4,attention_pe_lr3e-5,-0.03160589933395386,-0.04156995862722397,-0.02203986793756486,0.0,1.0,True,-0.028479278087615967,-0.04013115018606186,-0.01710518598556519,0.0,1.0,True
cnn_lr1e-4,attention_pe_lr3e-4,0.03132009506225586,0.016536472737789153,0.046107366681098924,1.0,0.0,True,0.04546314477920532,0.02307028919458389,0.06914906352758407,1.0,0.0,True
cnn_lr3e-5,cnn_lr3e-4,0.026668190956115723,0.020154276490211488,0.03330660760402679,1.0,0.0,True,0.03007560968399048,0.021470125019550323,0.038931386172771455,1.0,0.0,True
cnn_lr3e-5,gru_lr1e-4,0.005708754062652588,-0.0013352930545806883,0.01276193559169769,0.9405,0.0595,False,0.008401751518249512,-0.0005396500229835511,0.017361941933631893,0.97,0.03,False
cnn_lr3e-5,gru_lr3e-5,-0.006549954414367676,-0.015636144578456877,0.0024539723992347672,0.073,0.927,False,0.00019693374633789062,-0.011694175004959107,0.012321196496486657,0.4985,0.5015,False
cnn_lr3e-5,gru_lr3e-4,0.039876341819763184,0.030894163250923156,0.04935874938964844,1.0,0.0,True,0.04713338613510132,0.034984555840492246,0.06047739386558533,1.0,0.0,True
cnn_lr3e-5,attention_lr1e-4,-0.01076042652130127,-0.019313696026802062,-0.0020810961723327645,0.0105,0.9895,True,-0.01062476634979248,-0.020005609095096587,-0.0013314336538314832,0.0135,0.9865,True
cnn_lr3e-5,attention_lr3e-5,-0.01714712381362915,-0.026104757189750673,-0.00826969295740128,0.0,1.0,True,-0.013737618923187256,-0.02347301095724106,-0.004218821227550507,0.005,0.995,True
cnn_lr3e-5,attention_lr3e-4,0.007347464561462402,-0.00025865882635116576,0.014458332955837245,0.9715,0.0285,False,0.008807897567749023,-0.001516975462436676,0.01858098655939102,0.9565,0.0435,False
cnn_lr3e-5,attention_pe_lr1e-4,-0.006671130657196045,-0.01557064950466156,0.0028880253434181175,0.085,0.915,False,0.0012521147727966309,-0.009248895943164826,0.01204068660736084,0.577,0.423,False
cnn_lr3e-5,attention_pe_lr3e-5,-0.021744489669799805,-0.031201492249965667,-0.013006772100925464,0.0,1.0,True,-0.014986217021942139,-0.025424255430698393,-0.005105277895927445,0.0045,0.9955,True
cnn_lr3e-5,attention_pe_lr3e-4,0.04118150472640991,0.027604609727859497,0.055576561391353585,1.0,0.0,True,0.05895620584487915,0.03775787651538849,0.08223545998334883,1.0,0.0,True
cnn_lr3e-4,gru_lr1e-4,-0.020959436893463135,-0.029372934997081757,-0.012713529169559482,0.0,1.0,True,-0.021673858165740967,-0.03236102759838104,-0.0108297735452652,0.0,1.0,True
cnn_lr3e-4,gru_lr3e-5,-0.0332181453704834,-0.043713842332363126,-0.022772690653800966,0.0,1.0,True,-0.029878675937652588,-0.0426296204328537,-0.016360402107238773,0.0,1.0,True
cnn_lr3e-4,gru_lr3e-4,0.013208150863647461,0.005151420831680298,0.021423564851284018,0.9985,0.0015,True,0.01705777645111084,0.0063469186425209045,0.02804387509822843,0.9985,0.0015,True
cnn_lr3e-4,attention_lr1e-4,-0.03742861747741699,-0.04790365546941757,-0.027338951826095585,0.0,1.0,True,-0.04070037603378296,-0.053441783785820006,-0.028399634361267093,0.0,1.0,True
cnn_lr3e-4,attention_lr3e-5,-0.04381531476974487,-0.05481031090021134,-0.03309540152549744,0.0,1.0,True,-0.043813228607177734,-0.056526222825050355,-0.031309749186038974,0.0,1.0,True
cnn_lr3e-4,attention_lr3e-4,-0.01932072639465332,-0.02770310193300247,-0.011645868420600895,0.0,1.0,True,-0.021267712116241455,-0.03158146142959595,-0.011070120334625243,0.0,1.0,True
cnn_lr3e-4,attention_pe_lr1e-4,-0.03333932161331177,-0.04431334286928177,-0.02234642207622529,0.0,1.0,True,-0.028823494911193848,-0.0425197497010231,-0.015146704018116,0.0,1.0,True
cnn_lr3e-4,attention_pe_lr3e-5,-0.04841268062591553,-0.059976592659950256,-0.03757157623767854,0.0,1.0,True,-0.04506182670593262,-0.05868124663829803,-0.03189481496810914,0.0,1.0,True
cnn_lr3e-4,attention_pe_lr3e-4,0.01451331377029419,-0.0009082645177841186,0.02967859804630279,0.966,0.034,False,0.028880596160888672,0.005389316380023957,0.05252219587564468,0.994,0.006,True
gru_lr1e-4,gru_lr3e-5,-0.012258708477020264,-0.020932994782924652,-0.0038471177220344554,0.0045,0.9955,True,-0.008204817771911621,-0.01925041973590851,0.002414922416210169,0.066,0.934,False
gru_lr1e-4,gru_lr3e-4,0.034167587757110596,0.025599369406700136,0.042620630562305445,1.0,0.0,True,0.03873163461685181,0.025869084894657134,0.052076528966426845,1.0,0.0,True
gru_lr1e-4,attention_lr1e-4,-0.016469180583953857,-0.025228697061538696,-0.00783485770225527,0.0,1.0,True,-0.019026517868041992,-0.03078926056623459,-0.00834881365299225,0.0005,0.9995,True
gru_lr1e-4,attention_lr3e-5,-0.02285587787628174,-0.03200296312570572,-0.013664191961288458,0.0,1.0,True,-0.022139370441436768,-0.03295356184244156,-0.0116498202085495,0.0,1.0,True
gru_lr1e-4,attention_lr3e-4,0.0016387104988098145,-0.0065373659133911135,0.00956384390592575,0.6395,0.3605,False,0.0004061460494995117,-0.010531127452850342,0.01127636581659317,0.514,0.486,False
gru_lr1e-4,attention_pe_lr1e-4,-0.012379884719848633,-0.02212635725736618,-0.0028444036841392666,0.0055,0.9945,True,-0.007149636745452881,-0.01906660944223404,0.004985648393630979,0.1105,0.8895,False
gru_lr1e-4,attention_pe_lr3e-5,-0.027453243732452393,-0.03704826384782791,-0.018132892251014714,0.0,1.0,True,-0.02338796854019165,-0.035232003033161166,-0.012245914340019233,0.0,1.0,True
gru_lr1e-4,attention_pe_lr3e-4,0.035472750663757324,0.021599443256855012,0.0500292345881462,1.0,0.0,True,0.05055445432662964,0.02887042611837387,0.07497490346431732,1.0,0.0,True
gru_lr3e-5,gru_lr3e-4,0.04642629623413086,0.03519539684057236,0.05781437307596205,1.0,0.0,True,0.04693645238876343,0.030567872524261474,0.06230906695127487,1.0,0.0,True
gru_lr3e-5,attention_lr1e-4,-0.004210472106933594,-0.013084340095520019,0.0046447694301605166,0.1795,0.8205,False,-0.010821700096130371,-0.02287259101867676,0.0006330892443656812,0.032,0.968,False
gru_lr3e-5,attention_lr3e-5,-0.010597169399261475,-0.018815572559833526,-0.002042526006698612,0.006,0.994,True,-0.013934552669525146,-0.024811117351055144,-0.003124332427978518,0.0075,0.9925,True
gru_lr3e-5,attention_lr3e-4,0.013897418975830078,0.0041326358914375305,0.023353676497936245,0.9995,0.0005,True,0.008610963821411133,-0.003857924044132232,0.020796538889408103,0.908,0.092,False
gru_lr3e-5,attention_pe_lr1e-4,-0.00012117624282836914,-0.009491784870624543,0.00963834226131439,0.482,0.518,False,0.0010551810264587402,-0.011354100704193116,0.013391238451004027,0.57,0.43,False
gru_lr3e-5,attention_pe_lr3e-5,-0.015194535255432129,-0.023961929976940154,-0.006800755858421338,0.0,1.0,True,-0.01518315076828003,-0.026459755003452302,-0.003608226776123051,0.0055,0.9945,True
gru_lr3e-5,attention_pe_lr3e-4,0.04773145914077759,0.033725039660930635,0.06224041283130645,1.0,0.0,True,0.05875927209854126,0.036750930547714236,0.08226954638957977,1.0,0.0,True
gru_lr3e-4,attention_lr1e-4,-0.05063676834106445,-0.061686718463897706,-0.040735830366611485,0.0,1.0,True,-0.0577581524848938,-0.07244300395250321,-0.044130893051624306,0.0,1.0,True
gru_lr3e-4,attention_lr3e-5,-0.057023465633392334,-0.06921360194683075,-0.04577510058879853,0.0,1.0,True,-0.060871005058288574,-0.07693724185228348,-0.04630107581615448,0.0,1.0,True
gru_lr3e-4,attention_lr3e-4,-0.03252887725830078,-0.04199458807706833,-0.023832415044307723,0.0,1.0,True,-0.038325488567352295,-0.05150819420814514,-0.025915481150150303,0.0,1.0,True
gru_lr3e-4,attention_pe_lr1e-4,-0.04654747247695923,-0.05836508125066757,-0.035159185528755195,0.0,1.0,True,-0.04588127136230469,-0.061909022927284243,-0.030236120522022264,0.0,1.0,True
gru_lr3e-4,attention_pe_lr3e-5,-0.06162083148956299,-0.07405203133821488,-0.050428679585456854,0.0,1.0,True,-0.06211960315704346,-0.07767724394798278,-0.04745333045721057,0.0,1.0,True
gru_lr3e-4,attention_pe_lr3e-4,0.0013051629066467285,-0.014581002295017242,0.016959974169731135,0.5655,0.4345,False,0.011822819709777832,-0.012600235641002655,0.0355998873710632,0.8185,0.1815,False
attention_lr1e-4,attention_lr3e-5,-0.006386697292327881,-0.013001562654972076,0.0004451960325241082,0.034,0.966,False,-0.0031128525733947754,-0.011086462438106537,0.0053559184074401835,0.237,0.763,False
attention_lr1e-4,attention_lr3e-4,0.018107891082763672,0.008935649693012238,0.02701306045055389,1.0,0.0,True,0.019432663917541504,0.00805816799402237,0.030518928170204154,1.0,0.0,True
attention_lr1e-4,attention_pe_lr1e-4,0.004089295864105225,-0.004465141892433166,0.012630479037761676,0.8325,0.167,False,0.011876881122589111,0.002158056199550629,0.022618168592453,0.9895,0.0105,True
attention_lr1e-4,attention_pe_lr3e-5,-0.010984063148498535,-0.018916362524032594,-0.0031779304146766748,0.0015,0.9985,True,-0.004361450672149658,-0.012980498373508453,0.004444929957389825,0.164,0.836,False
attention_lr1e-4,attention_pe_lr3e-4,0.05194193124771118,0.03844799250364304,0.06636572778224943,1.0,0.0,True,0.06958097219467163,0.04831959158182144,0.09310500472784042,1.0,0.0,True
attention_lr3e-5,attention_lr3e-4,0.024494588375091553,0.01499553918838501,0.033651930093765256,1.0,0.0,True,0.02254551649093628,0.011051172018051147,0.03379910588264464,1.0,0.0,True
attention_lr3e-5,attention_pe_lr1e-4,0.010475993156433105,0.001543460786342621,0.018951922655105584,0.991,0.009,True,0.014989733695983887,0.0042893186211586,0.025205250084400166,0.9965,0.0035,True
attention_lr3e-5,attention_pe_lr3e-5,-0.004597365856170654,-0.011009517312049865,0.0010900020599365224,0.061,0.939,False,-0.0012485980987548828,-0.009046199917793273,0.0059654101729393,0.3555,0.6445,False
attention_lr3e-5,attention_pe_lr3e-4,0.05832862854003906,0.04363602548837662,0.07388845682144164,1.0,0.0,True,0.0726938247680664,0.05056852996349335,0.09706872552633286,1.0,0.0,True
attention_lr3e-4,attention_pe_lr1e-4,-0.014018595218658447,-0.02392752319574356,-0.003856432437896757,0.0045,0.9955,True,-0.007555782794952393,-0.020323461294174193,0.005305996537208554,0.135,0.865,False
attention_lr3e-4,attention_pe_lr3e-5,-0.029091954231262207,-0.03890177309513092,-0.019245104491710664,0.0,1.0,True,-0.023794114589691162,-0.035670189559459685,-0.011905530095100404,0.0,1.0,True
attention_lr3e-4,attention_pe_lr3e-4,0.03383404016494751,0.02046903222799301,0.048030637204647064,1.0,0.0,True,0.05014830827713013,0.02721313387155533,0.07371263504028319,1.0,0.0,True
attention_pe_lr1e-4,attention_pe_lr3e-5,-0.01507335901260376,-0.024352774024009705,-0.006633321940898897,0.0005,0.9995,True,-0.01623833179473877,-0.0271688312292099,-0.0053868383169174226,0.002,0.998,True
attention_pe_lr1e-4,attention_pe_lr3e-4,0.04785263538360596,0.03469632714986801,0.06220535188913344,1.0,0.0,True,0.05770409107208252,0.03762279152870178,0.08010279238224029,1.0,0.0,True
attention_pe_lr3e-5,attention_pe_lr3e-4,0.06292599439620972,0.04859228283166885,0.07837322801351547,1.0,0.0,True,0.07394242286682129,0.05269759595394134,0.09914647191762921,1.0,0.0,True
