head,agg,method,k,accuracy,ci_low,ci_high,diff_vs_majority,diff_vs_majority_ci_low,diff_vs_majority_ci_high,p_vs_majority,p_holm_vs_majority,n_questions
linear,min,argmax,1,0.30773311853408813,0.2901061475276947,0.32589181512594223,0.0,0.0,0.0,1.0,1.0,1319
linear,min,argmax,2,0.33661866188049316,0.31815770268440247,0.35561407282948493,0.027710385620594025,0.022062165662646294,0.03347232937812805,0.0009995002498750624,0.035982008995502246,1319
linear,min,argmax,4,0.35360121726989746,0.33377371430397035,0.37418875768780707,-0.020697498694062233,-0.029037145897746086,-0.012168310536071657,0.0009995002498750624,0.035982008995502246,1319
linear,min,argmax,8,0.36019712686538696,0.3389973357319832,0.38203564807772633,-0.07107657939195633,-0.08525397647172213,-0.05712566385045648,0.0009995002498750624,0.035982008995502246,1319
linear,min,argmax,16,0.36163759231567383,0.3358604907989502,0.388931006193161,-0.1038665622472763,-0.127369225025177,-0.08112206310033798,0.0009995002498750624,0.035982008995502246,1319
linear,min,weighted_vote,1,0.30773311853408813,0.2901061475276947,0.32589181512594223,0.0,0.0,0.0,1.0,1.0,1319
linear,min,weighted_vote,2,0.33661866188049316,0.31815770268440247,0.35561407282948493,0.027710385620594025,0.022062165662646294,0.03347232937812805,0.0009995002498750624,0.035982008995502246,1319
linear,min,weighted_vote,4,0.37577712535858154,0.35503883957862853,0.39738624170422554,0.0014783923979848623,-0.005421720957383513,0.007885709055699403,0.6836581709145427,1.0,1319
linear,min,weighted_vote,8,0.4133055508136749,0.3891575388610363,0.4372280351817608,-0.017968159168958664,-0.0271417704410851,-0.008906369842588913,0.0009995002498750624,0.035982008995502246,1319
linear,min,weighted_vote,16,0.44730857014656067,0.4200151562690735,0.47462093755602824,-0.018195603042840958,-0.03487490490078926,-0.0022744503803551197,0.02498750624687656,0.2748625687156422,1319
linear,mean,argmax,1,0.30773311853408813,0.2901061475276947,0.32589181512594223,0.0,0.0,0.0,1.0,1.0,1319
linear,mean,argmax,2,0.3317664563655853,0.3139812178909779,0.3504549264907837,0.02285822667181492,0.017172101838514208,0.028430629521608353,0.0009995002498750624,0.035982008995502246,1319
linear,mean,argmax,4,0.34507203102111816,0.3254340410232544,0.3649005115032196,-0.02922668680548668,-0.03786959499120712,-0.0210377186536789,0.0009995002498750624,0.035982008995502246,1319
linear,mean,argmax,8,0.34522363543510437,0.32369220182299613,0.36675607562065127,-0.08605004101991653,-0.10041698068380356,-0.07228866796940565,0.0009995002498750624,0.035982008995502246,1319
linear,mean,argmax,16,0.34723275899887085,0.3214556574821472,0.3730288140475749,-0.11827141791582108,-0.14253221452236176,-0.09476876258850098,0.0009995002498750624,0.035982008995502246,1319
linear,mean,weighted_vote,1,0.30773311853408813,0.2901061475276947,0.32589181512594223,0.0,0.0,0.0,1.0,1.0,1319
linear,mean,weighted_vote,2,0.3317664563655853,0.3139812178909779,0.3504549264907837,0.02285822667181492,0.017172101838514208,0.028430629521608353,0.0009995002498750624,0.035982008995502246,1319
linear,mean,weighted_vote,4,0.377369225025177,0.3560273043811321,0.39886559322476384,0.003070508362725377,-0.0028440102993045,0.0088722520507872,0.2868565717141429,1.0,1319
linear,mean,weighted_vote,8,0.4216451942920685,0.3982088573276997,0.4454899378120899,-0.009628506377339363,-0.01675606477074325,-0.00288002211018466,0.005997001499250375,0.047976011994003,1319
linear,mean,weighted_vote,16,0.4526156187057495,0.4260803759098053,0.4806671738624573,-0.012888551689684391,-0.027293404564261436,0.0015163002535700798,0.08695652173913043,0.7826086956521738,1319
linear,last,argmax,1,0.30773311853408813,0.2901061475276947,0.32589181512594223,0.0,0.0,0.0,1.0,1.0,1319
linear,last,argmax,2,0.3358604907989502,0.31804302930831907,0.35523501709103583,0.026952233165502548,0.02149165696464479,0.03263930743560194,0.0009995002498750624,0.035982008995502246,1319
linear,last,argmax,4,0.35102346539497375,0.33104435801506044,0.3713874332606792,-0.023275209590792656,-0.03161675408482552,-0.01508718729019165,0.0009995002498750624,0.035982008995502246,1319
linear,last,argmax,8,0.3529568016529083,0.3316480226814747,0.3750578105449677,-0.07831691205501556,-0.09116850197315216,-0.06466356404125694,0.0009995002498750624,0.035982008995502246,1319
linear,last,argmax,16,0.3426838517189026,0.31690675020217896,0.36997726559638977,-0.12282031774520874,-0.14710007570683956,-0.09780136495828629,0.0009995002498750624,0.035982008995502246,1319
linear,last,weighted_vote,1,0.30773311853408813,0.2901061475276947,0.32589181512594223,0.0,0.0,0.0,1.0,1.0,1319
linear,last,weighted_vote,2,0.3358604907989502,0.31804302930831907,0.35523501709103583,0.026952233165502548,0.02149165696464479,0.03263930743560194,0.0009995002498750624,0.035982008995502246,1319
linear,last,weighted_vote,4,0.37096282839775085,0.350037931650877,0.39207830280065536,-0.003335860325023532,-0.010235974146053196,0.0032989008643198705,0.3428285857071464,1.0,1319
linear,last,weighted_vote,8,0.4050796329975128,0.3811969220638275,0.42835479974746704,-0.02619408257305622,-0.035746775567531586,-0.01671626088209451,0.0009995002498750624,0.035982008995502246,1319
linear,last,weighted_vote,16,0.44124338030815125,0.4131918251514435,0.4692949056625366,-0.024260804057121277,-0.042456407099962234,-0.006823351141065359,0.00399800099950025,0.051974012993503245,1319
mlp,min,argmax,1,0.30773311853408813,0.2901061475276947,0.32589181512594223,0.0,0.0,0.0,1.0,1.0,1319
mlp,min,argmax,2,0.32862016558647156,0.3102729320526123,0.3473843641579151,0.019711902365088463,0.01440485194325447,0.024868273641914126,0.0009995002498750624,0.035982008995502246,1319
mlp,min,argmax,4,0.3459818363189697,0.32668404579162597,0.3661533586680889,-0.028316905722022057,-0.03684704517945647,-0.019901441363617777,0.0009995002498750624,0.035982008995502246,1319
mlp,min,argmax,8,0.35663384199142456,0.3357847034931183,0.3784334771335125,-0.07463987916707993,-0.08939253073185682,-0.06050037955865264,0.0009995002498750624,0.035982008995502246,1319
mlp,min,argmax,16,0.36012130975723267,0.3358604907989502,0.3866565525531769,-0.10538286715745926,-0.13042077384889125,-0.0803639143705368,0.0009995002498750624,0.035982008995502246,1319
mlp,min,weighted_vote,1,0.30773311853408813,0.2901061475276947,0.32589181512594223,0.0,0.0,0.0,1.0,1.0,1319
mlp,min,weighted_vote,2,0.32862016558647156,0.3102729320526123,0.3473843641579151,0.019711902365088463,0.01440485194325447,0.024868273641914126,0.0009995002498750624,0.035982008995502246,1319
mlp,min,weighted_vote,4,0.3649734556674957,0.34457827284932135,0.3862395599484444,-0.009325245395302773,-0.016301176976412535,-0.0024260810925625263,0.0079960019990005,0.07996001999000499,1319
mlp,min,weighted_vote,8,0.40610313415527344,0.3837338924407959,0.4296446666121483,-0.0251705851405859,-0.03537149550393224,-0.014973464421927929,0.0009995002498750624,0.035982008995502246,1319
mlp,min,weighted_vote,16,0.4465504288673401,0.4200151562690735,0.47460198402404785,-0.018953753635287285,-0.036391206085681915,-0.0022744503803551197,0.026986506746626688,0.2748625687156422,1319
mlp,mean,argmax,1,0.30773311853408813,0.2901061475276947,0.32589181512594223,0.0,0.0,0.0,1.0,1.0,1319
mlp,mean,argmax,2,0.3305155634880066,0.31224317029118537,0.34943234249949456,0.021607277914881706,0.015920203598216175,0.02702994751743971,0.0009995002498750624,0.035982008995502246,1319
mlp,mean,argmax,4,0.3454510569572449,0.32626610472798345,0.3655041463673115,-0.02884761057794094,-0.03722516819834709,-0.02073445767164231,0.0009995002498750624,0.035982008995502246,1319
mlp,mean,argmax,8,0.35018953680992126,0.32888078689575195,0.3716849863529205,-0.08108415454626083,-0.09522554576396942,-0.0671721026301384,0.0009995002498750624,0.035982008995502246,1319
mlp,mean,argmax,16,0.34420016407966614,0.31766489148139954,0.3715125024318694,-0.12130402028560638,-0.14556482434272766,-0.09704321622848511,0.0009995002498750624,0.035982008995502246,1319
mlp,mean,weighted_vote,1,0.30773311853408813,0.2901061475276947,0.32589181512594223,0.0,0.0,0.0,1.0,1.0,1319
mlp,mean,weighted_vote,2,0.3305155634880066,0.31224317029118537,0.34943234249949456,0.021607277914881706,0.015920203598216175,0.02702994751743971,0.0009995002498750624,0.035982008995502246,1319
mlp,mean,weighted_vote,4,0.38089460134506226,0.35974127650260923,0.40280612707138064,0.006595904938876629,0.001249051984632388,0.011713419109582901,0.015992003998001,0.14392803598200898,1319
mlp,mean,weighted_vote,8,0.4277104139328003,0.40394240617752075,0.45178545266389847,-0.003563304664567113,-0.009780135960318148,0.0027672483178321273,0.2638680659670165,0.7916041979010495,1319
mlp,mean,weighted_vote,16,0.4730856716632843,0.44503411650657654,0.5011371970176697,0.007581501267850399,-0.006065201014280319,0.019711902365088463,0.28285857071464265,1.0,1319
mlp,last,argmax,1,0.30773311853408813,0.2901061475276947,0.32589181512594223,0.0,0.0,0.0,1.0,1.0,1319
mlp,last,argmax,2,0.3337755799293518,0.315463412553072,0.3528809264302254,0.02486732229590416,0.019257014617323875,0.03051554230041802,0.0009995002498750624,0.035982008995502246,1319
mlp,last,argmax,4,0.34715694189071655,0.3277464024722576,0.3668707489967346,-0.02714177407324314,-0.03552027940750122,-0.019067475525662302,0.0009995002498750624,0.035982008995502246,1319
mlp,last,argmax,8,0.3465883433818817,0.3260794058442116,0.36766679808497427,-0.08468536287546158,-0.09795583505183458,-0.071530519425869,0.0009995002498750624,0.035982008995502246,1319
mlp,last,argmax,16,0.34723275899887085,0.3221948452293873,0.3722706727683543,-0.11827141791582108,-0.14253221452236176,-0.09476876258850098,0.0009995002498750624,0.035982008995502246,1319
mlp,last,weighted_vote,1,0.30773311853408813,0.2901061475276947,0.32589181512594223,0.0,0.0,0.0,1.0,1.0,1319
mlp,last,weighted_vote,2,0.3337755799293518,0.315463412553072,0.3528809264302254,0.02486732229590416,0.019257014617323875,0.03051554230041802,0.0009995002498750624,0.035982008995502246,1319
mlp,last,weighted_vote,4,0.3772175908088684,0.35594861656427385,0.3984855890274048,0.002918878337368369,-0.003260044858325273,0.008794541493989528,0.3548225887056472,1.0,1319
mlp,last,weighted_vote,8,0.42278242111206055,0.3989366710186005,0.44605758786201477,-0.008491281419992447,-0.01611258564516902,-0.0008339659369084984,0.030984507746126936,0.18590704647676162,1319
mlp,last,weighted_vote,16,0.46474602818489075,0.436694473028183,0.49128127098083496,-0.0007581501267850399,-0.015940106846392153,0.013665656023658709,0.9265367316341829,1.0,1319
cnn,min,argmax,1,0.30773311853408813,0.2901061475276947,0.32589181512594223,0.0,0.0,0.0,1.0,1.0,1319
cnn,min,argmax,2,0.33195599913597107,0.3137964427471161,0.3507970206439495,0.023047761991620064,0.017589082894846796,0.028430629521608353,0.0009995002498750624,0.035982008995502246,1319
cnn,min,argmax,4,0.34442758560180664,0.32569937258958814,0.36338514685630796,-0.02987111359834671,-0.03874241346493364,-0.02115239007398486,0.0009995002498750624,0.035982008995502246,1319
cnn,min,argmax,8,0.3507581651210785,0.3291130058467388,0.3719503752887249,-0.0805155485868454,-0.09412433225661516,-0.06648786831647159,0.0009995002498750624,0.035982008995502246,1319
cnn,min,argmax,16,0.34799090027809143,0.3229719400405884,0.37452614307403564,-0.1175132691860199,-0.14177407324314117,-0.0940106138586998,0.0009995002498750624,0.035982008995502246,1319
cnn,min,weighted_vote,1,0.30773311853408813,0.2901061475276947,0.32589181512594223,0.0,0.0,0.0,1.0,1.0,1319
cnn,min,weighted_vote,2,0.33195599913597107,0.3137964427471161,0.3507970206439495,0.023047761991620064,0.017589082894846796,0.028430629521608353,0.0009995002498750624,0.035982008995502246,1319
cnn,min,weighted_vote,4,0.3668309450149536,0.34688968658447267,0.3874563932418823,-0.007467777468264103,-0.014329035789705813,-0.0008718723271158524,0.02798600699650175,0.223888055972014,1319
cnn,min,weighted_vote,8,0.40845343470573425,0.3856681175529957,0.43210762813687326,-0.02282031811773777,-0.03199488436803222,-0.014177406206727028,0.0009995002498750624,0.035982008995502246,1319
cnn,min,weighted_vote,16,0.44503411650657654,0.41774070262908936,0.4715883135795592,-0.02047005295753479,-0.03714935481548309,-0.0052880971343257565,0.01199400299850075,0.14392803598200898,1319
cnn,mean,argmax,1,0.30773311853408813,0.2901061475276947,0.32589181512594223,0.0,0.0,0.0,1.0,1.0,1319
cnn,mean,argmax,2,0.33203184604644775,0.3137215726077557,0.3508728377521038,0.02312357909977436,0.01781652681529522,0.028658073395490646,0.0009995002498750624,0.035982008995502246,1319
cnn,mean,argmax,4,0.347270667552948,0.3277473509311676,0.36664232090115545,-0.027028052136301994,-0.03590125273913145,-0.018763266876339918,0.0009995002498750624,0.035982008995502246,1319
cnn,mean,argmax,8,0.3575815260410309,0.336275589466095,0.3797649562358856,-0.073692187666893,-0.08843820542097092,-0.05970336748287082,0.0009995002498750624,0.035982008995502246,1319
cnn,mean,argmax,16,0.36391204595565796,0.33737680315971375,0.39046627208590495,-0.10159211605787277,-0.12585291266441345,-0.0773313120007515,0.0009995002498750624,0.035982008995502246,1319
cnn,mean,weighted_vote,1,0.30773311853408813,0.2901061475276947,0.32589181512594223,0.0,0.0,0.0,1.0,1.0,1319
cnn,mean,weighted_vote,2,0.33203184604644775,0.3137215726077557,0.3508728377521038,0.02312357909977436,0.01781652681529522,0.028658073395490646,0.0009995002498750624,0.035982008995502246,1319
cnn,mean,weighted_vote,4,0.38180437684059143,0.36118174344301224,0.40295867845416067,0.007505686022341251,0.0019332829309860245,0.012812736490741373,0.00399800099950025,0.047976011994003,1319
cnn,mean,weighted_vote,8,0.4292646050453186,0.4052302896976471,0.4531084008514881,-0.0020090981852263212,-0.008719675708562136,0.004662622697651386,0.5487256371814093,1.0,1319
cnn,mean,weighted_vote,16,0.46853676438331604,0.44122442603111267,0.4958491317927836,0.0030326005071401596,-0.010614101774990559,0.016679301857948303,0.7426286856571714,1.0,1319
cnn,last,argmax,1,0.30773311853408813,0.2901061475276947,0.32589181512594223,0.0,0.0,0.0,1.0,1.0,1319
cnn,last,argmax,2,0.33658069372177124,0.31826666072010995,0.3553847551345825,0.027672478929162025,0.022289615124464035,0.03316906839609146,0.0009995002498750624,0.035982008995502246,1319
cnn,last,argmax,4,0.3506822884082794,0.3308567404747009,0.370700342208147,-0.023616377264261246,-0.0326014026068151,-0.015463418606668727,0.0009995002498750624,0.035982008995502246,1319
cnn,last,argmax,8,0.3573540449142456,0.3352900259196758,0.37926459312438965,-0.0739196389913559,-0.08723370544612408,-0.060197125840932134,0.0009995002498750624,0.035982008995502246,1319
cnn,last,argmax,16,0.36391204595565796,0.33737680315971375,0.39120545983314514,-0.10159211605787277,-0.12661106884479523,-0.07808946073055267,0.0009995002498750624,0.035982008995502246,1319
cnn,last,weighted_vote,1,0.30773311853408813,0.2901061475276947,0.32589181512594223,0.0,0.0,0.0,1.0,1.0,1319
cnn,last,weighted_vote,2,0.33658069372177124,0.31826666072010995,0.3553847551345825,0.027672478929162025,0.022289615124464035,0.03316906839609146,0.0009995002498750624,0.035982008995502246,1319
cnn,last,weighted_vote,4,0.37873390316963196,0.3581481993198395,0.40000755861401555,0.0044351788237690926,-0.0019351763796294106,0.010538287460803986,0.18190904547726136,0.9095452273863068,1319
cnn,last,weighted_vote,8,0.42346474528312683,0.39995549246668816,0.44822115898132325,-0.00780894560739398,-0.01580837699584663,0.0006074680481105992,0.07396301849075462,0.3448275862068966,1319
cnn,last,weighted_vote,16,0.46474602818489075,0.43745261430740356,0.4927975833415985,-0.0007581501267850399,-0.016679301857948303,0.015163002535700798,0.9345327336331835,1.0,1319
gru,min,argmax,1,0.30773311853408813,0.2901061475276947,0.32589181512594223,0.0,0.0,0.0,1.0,1.0,1319
gru,min,argmax,2,0.33085671067237854,0.3129624843597412,0.3503430373966694,0.021948445588350296,0.016603488428518175,0.027445035055279732,0.0009995002498750624,0.035982008995502246,1319
gru,min,argmax,4,0.33968913555145264,0.31989954113960267,0.35936411544680597,-0.03460955247282982,-0.04329131692647934,-0.025888931751251232,0.0009995002498750624,0.035982008995502246,1319
gru,min,argmax,8,0.3454132080078125,0.3244029574096203,0.36630303934216496,-0.08586049824953079,-0.09920773506164551,-0.07111353278160096,0.0009995002498750624,0.035982008995502246,1319
gru,min,argmax,16,0.348749041557312,0.3244692988693714,0.37376800179481506,-0.11675512045621872,-0.1410159170627594,-0.09325246512889862,0.0009995002498750624,0.035982008995502246,1319
gru,min,weighted_vote,1,0.30773311853408813,0.2901061475276947,0.32589181512594223,0.0,0.0,0.0,1.0,1.0,1319
gru,min,weighted_vote,2,0.33085671067237854,0.3129624843597412,0.3503430373966694,0.021948445588350296,0.016603488428518175,0.027445035055279732,0.0009995002498750624,0.035982008995502246,1319
gru,min,weighted_vote,4,0.35887035727500916,0.33858324214816093,0.3791944615542888,-0.015428354032337666,-0.022554963873699308,-0.00826288796961308,0.0009995002498750624,0.035982008995502246,1319
gru,min,weighted_vote,8,0.3943518102169037,0.371452796459198,0.4174753725528717,-0.0369219109416008,-0.04700625455006957,-0.02668593679554761,0.0009995002498750624,0.035982008995502246,1319
gru,min,weighted_vote,16,0.43366187810897827,0.40710765197873117,0.4624715745449066,-0.03184230625629425,-0.050796058028936386,-0.01440485194325447,0.0009995002498750624,0.035982008995502246,1319
gru,mean,argmax,1,0.30773311853408813,0.2901061475276947,0.32589181512594223,0.0,0.0,0.0,1.0,1.0,1319
gru,mean,argmax,2,0.328733891248703,0.3103857100009918,0.3476895272731781,0.01982562430202961,0.014365995721891522,0.02562642055563628,0.0009995002498750624,0.035982008995502246,1319
gru,mean,argmax,4,0.3393859267234802,0.31993934512138367,0.3587954878807068,-0.03491281345486641,-0.04363154247403145,-0.026306862430647022,0.0009995002498750624,0.035982008995502246,1319
gru,mean,argmax,8,0.3435557186603546,0.3224782392382622,0.3638808004558086,-0.08771796524524689,-0.10102445036172866,-0.07391395270824436,0.0009995002498750624,0.035982008995502246,1319
gru,mean,argmax,16,0.34799090027809143,0.3222137987613678,0.37452614307403564,-0.1175132691860199,-0.14025777578353882,-0.0940106138586998,0.0009995002498750624,0.035982008995502246,1319
gru,mean,weighted_vote,1,0.30773311853408813,0.2901061475276947,0.32589181512594223,0.0,0.0,0.0,1.0,1.0,1319
gru,mean,weighted_vote,2,0.328733891248703,0.3103857100009918,0.3476895272731781,0.01982562430202961,0.014365995721891522,0.02562642055563628,0.0009995002498750624,0.035982008995502246,1319
gru,mean,weighted_vote,4,0.36902958154678345,0.34832544401288035,0.390108036249876,-0.005269143730401993,-0.01190390579868108,0.001364670120528899,0.12293853073463268,0.7376311844077961,1319
gru,mean,weighted_vote,8,0.40974220633506775,0.3856321036815643,0.4330183506011963,-0.02153146266937256,-0.029984835535287857,-0.01322877076454461,0.0009995002498750624,0.035982008995502246,1319
gru,mean,weighted_vote,16,0.45413193106651306,0.4260614216327667,0.4821834862232208,-0.011372251436114311,-0.028051553294062614,0.004548900760710239,0.16391804097951024,1.0,1319
gru,last,argmax,1,0.30773311853408813,0.2901061475276947,0.32589181512594223,0.0,0.0,0.0,1.0,1.0,1319
gru,last,argmax,2,0.327862024307251,0.3098531238734722,0.3471986122429371,0.018953753635287285,0.013684608973562717,0.024489199230447407,0.0009995002498750624,0.035982008995502246,1319
gru,last,argmax,4,0.3391963243484497,0.32001418620347977,0.35845718309283253,-0.035102348774671555,-0.044165086653083566,-0.026421530172228813,0.0009995002498750624,0.035982008995502246,1319
gru,last,argmax,8,0.3446171283721924,0.32357563376426696,0.3653250567615032,-0.08665656298398972,-0.10000094175338745,-0.07278051655739547,0.0009995002498750624,0.035982008995502246,1319
gru,last,argmax,16,0.34344199299812317,0.31690675020217896,0.36997726559638977,-0.12206216901540756,-0.14556482434272766,-0.09931766241788864,0.0009995002498750624,0.035982008995502246,1319
gru,last,weighted_vote,1,0.30773311853408813,0.2901061475276947,0.32589181512594223,0.0,0.0,0.0,1.0,1.0,1319
gru,last,weighted_vote,2,0.327862024307251,0.3098531238734722,0.3471986122429371,0.018953753635287285,0.013684608973562717,0.024489199230447407,0.0009995002498750624,0.035982008995502246,1319
gru,last,weighted_vote,4,0.35769519209861755,0.337413764744997,0.3786618761718273,-0.016603486612439156,-0.02373388991691172,-0.009589651995338505,0.0009995002498750624,0.035982008995502246,1319
gru,last,weighted_vote,8,0.389954537153244,0.3670944094657898,0.4128913708031177,-0.04131918400526047,-0.05170583724975586,-0.03119313917122784,0.0009995002498750624,0.035982008995502246,1319
gru,last,weighted_vote,16,0.4230477511882782,0.396512508392334,0.4503411650657654,-0.042456407099962234,-0.06065201014280319,-0.025018954649567604,0.0009995002498750624,0.035982008995502246,1319
attention,min,argmax,1,0.30773311853408813,0.2901061475276947,0.32589181512594223,0.0,0.0,0.0,1.0,1.0,1319
attention,min,argmax,2,0.33025020360946655,0.31247156858444214,0.34905325770378115,0.021341923624277115,0.01580743114463985,0.026725738821551197,0.0009995002498750624,0.035982008995502246,1319
attention,min,argmax,4,0.3358604907989502,0.3172355778515339,0.3548938401043415,-0.038438208401203156,-0.04731046324595809,-0.029679679218679676,0.0009995002498750624,0.035982008995502246,1319
attention,min,argmax,8,0.3399924337863922,0.3188021473586559,0.36057618334889413,-0.09128127247095108,-0.10557335019111633,-0.07755780816078187,0.0009995002498750624,0.035982008995502246,1319
attention,min,argmax,16,0.34420016407966614,0.3191622503101826,0.37149354815483093,-0.12130402028560638,-0.14556482434272766,-0.09931766241788864,0.0009995002498750624,0.035982008995502246,1319
attention,min,weighted_vote,1,0.30773311853408813,0.2901061475276947,0.32589181512594223,0.0,0.0,0.0,1.0,1.0,1319
attention,min,weighted_vote,2,0.33025020360946655,0.31247156858444214,0.34905325770378115,0.021341923624277115,0.01580743114463985,0.026725738821551197,0.0009995002498750624,0.035982008995502246,1319
attention,min,weighted_vote,4,0.3797574043273926,0.3584505200386047,0.4017446584999561,0.005458680447191,-0.0004937446356052533,0.011106899939477444,0.07796101949025487,0.545727136431784,1319
attention,min,weighted_vote,8,0.42907506227493286,0.40477352067828176,0.4525787144899368,-0.002198635833337903,-0.0088703558081761,0.004322403634432698,0.526736631684158,1.0,1319
attention,min,weighted_vote,16,0.47460198402404785,0.4465504288673401,0.5011371970176697,0.009097801521420479,-0.005307050887495279,0.022744502872228622,0.24087956021989004,1.0,1319
attention,mean,argmax,1,0.30773311853408813,0.2901061475276947,0.32589181512594223,0.0,0.0,0.0,1.0,1.0,1319
attention,mean,argmax,2,0.33248671889305115,0.31436598896980283,0.3515541858971119,0.023578466847538948,0.017891394393518566,0.02907884707674382,0.0009995002498750624,0.035982008995502246,1319
attention,mean,argmax,4,0.3471948206424713,0.32782222032547,0.3666072845458984,-0.027103867381811142,-0.03597422316670418,-0.018877938389778137,0.0009995002498750624,0.035982008995502246,1319
attention,mean,argmax,8,0.35598936676979065,0.33441810086369517,0.37767341136932375,-0.07528430223464966,-0.08984268736094236,-0.06114006787538531,0.0009995002498750624,0.035982008995502246,1319
attention,mean,argmax,16,0.3623957633972168,0.3358604907989502,0.38817286491394043,-0.10310841351747513,-0.12812736630439758,-0.07808946073055267,0.0009995002498750624,0.035982008995502246,1319
attention,mean,weighted_vote,1,0.30773311853408813,0.2901061475276947,0.32589181512594223,0.0,0.0,0.0,1.0,1.0,1319
attention,mean,weighted_vote,2,0.33248671889305115,0.31436598896980283,0.3515541858971119,0.023578466847538948,0.017891394393518566,0.02907884707674382,0.0009995002498750624,0.035982008995502246,1319
attention,mean,weighted_vote,4,0.38631540536880493,0.3650862619280815,0.40826569944620134,0.012016679160296917,0.006479341327212751,0.017324680043384427,0.0009995002498750624,0.035982008995502246,1319
attention,mean,weighted_vote,8,0.4368840157985687,0.4124999940395355,0.4607307121157646,0.005610310472548008,-0.00038002220608177587,0.011600644816644485,0.06896551724137931,0.3448275862068966,1319
attention,mean,weighted_vote,16,0.476118266582489,0.4488058991730213,0.5026724919676779,0.010614101774990559,-0.0030326005071401596,0.02350265346467495,0.13993003498250875,1.0,1319
attention,last,argmax,1,0.30773311853408813,0.2901061475276947,0.32589181512594223,0.0,0.0,0.0,1.0,1.0,1319
attention,last,argmax,2,0.3338513970375061,0.3156908631324768,0.3530325897037983,0.024943137541413307,0.019218156533315777,0.030402766214683647,0.0009995002498750624,0.035982008995502246,1319
attention,last,argmax,4,0.35117512941360474,0.3314215481281281,0.3709647536277771,-0.02312357723712921,-0.03184420168399811,-0.015010422584600752,0.0009995002498750624,0.035982008995502246,1319
attention,last,argmax,8,0.3622441291809082,0.3408235490322113,0.38358794450759887,-0.06902956962585449,-0.08324677795171738,-0.05568613093346357,0.0009995002498750624,0.035982008995502246,1319
attention,last,argmax,16,0.36997726559638977,0.34344199299812317,0.3957543671131134,-0.09552691131830215,-0.12056482527405024,-0.06974980980157852,0.0009995002498750624,0.035982008995502246,1319
attention,last,weighted_vote,1,0.30773311853408813,0.2901061475276947,0.32589181512594223,0.0,0.0,0.0,1.0,1.0,1319
attention,last,weighted_vote,2,0.3338513970375061,0.3156908631324768,0.3530325897037983,0.024943137541413307,0.019218156533315777,0.030402766214683647,0.0009995002498750624,0.035982008995502246,1319
attention,last,weighted_vote,4,0.38677024841308594,0.36561790108680725,0.40879549980163576,0.012471569702029228,0.006594958191271871,0.018158643972128626,0.0009995002498750624,0.035982008995502246,1319
attention,last,weighted_vote,8,0.43877938389778137,0.41440483927726746,0.46213797926902767,0.007505686022341251,0.0010614102880936115,0.013988817599602039,0.01899050474762619,0.1329335332333833,1319
attention,last,weighted_vote,16,0.476118266582489,0.44806671142578125,0.5026535391807556,0.010614101774990559,-0.0037907506339251995,0.024260804057121277,0.16391804097951024,1.0,1319
attention_pe,min,argmax,1,0.30773311853408813,0.2901061475276947,0.32589181512594223,0.0,0.0,0.0,1.0,1.0,1319
attention_pe,min,argmax,2,0.3282789885997772,0.3100814647972584,0.3470072031021118,0.019370732828974724,0.014252273738384247,0.024868270009756083,0.0009995002498750624,0.035982008995502246,1319
attention_pe,min,argmax,4,0.3401440680027008,0.32069751545786856,0.36038761734962466,-0.03415466472506523,-0.04321455582976341,-0.025435935612767933,0.0009995002498750624,0.035982008995502246,1319
attention_pe,min,argmax,8,0.3422289788722992,0.32175703048706056,0.3636097252368927,-0.0890447273850441,-0.10269333701580763,-0.07448540199548008,0.0009995002498750624,0.035982008995502246,1319
attention_pe,min,argmax,16,0.35405609011650085,0.3282789885997772,0.38059136271476746,-0.11144806444644928,-0.13495072722434998,-0.087187260389328,0.0009995002498750624,0.035982008995502246,1319
attention_pe,min,weighted_vote,1,0.30773311853408813,0.2901061475276947,0.32589181512594223,0.0,0.0,0.0,1.0,1.0,1319
attention_pe,min,weighted_vote,2,0.3282789885997772,0.3100814647972584,0.3470072031021118,0.019370732828974724,0.014252273738384247,0.024868270009756083,0.0009995002498750624,0.035982008995502246,1319
attention_pe,min,weighted_vote,4,0.35940104722976685,0.33881255984306335,0.38097231462597847,-0.014897649176418781,-0.021911486517637968,-0.007655420224182318,0.0009995002498750624,0.035982008995502246,1319
attention_pe,min,weighted_vote,8,0.3951098918914795,0.37236165404319765,0.41793119311332705,-0.03616376221179962,-0.04586808020249009,-0.026152388891205212,0.0009995002498750624,0.035982008995502246,1319
attention_pe,min,weighted_vote,16,0.43138742446899414,0.4033358693122864,0.4594389796257019,-0.03411675617098808,-0.05307050794363022,-0.015921153128147125,0.001999000499750125,0.035982008995502246,1319
attention_pe,mean,argmax,1,0.30773311853408813,0.2901061475276947,0.32589181512594223,0.0,0.0,0.0,1.0,1.0,1319
attention_pe,mean,argmax,2,0.3288854956626892,0.3110310733318329,0.3478042006492615,0.019977256655693054,0.014745070063509048,0.025361069990321988,0.0009995002498750624,0.035982008995502246,1319
attention_pe,mean,argmax,4,0.34010615944862366,0.32145471051335334,0.3601232059299946,-0.03419256955385208,-0.04298710823059082,-0.025625476520508526,0.0009995002498750624,0.035982008995502246,1319
attention_pe,mean,argmax,8,0.33877936005592346,0.3183832585811615,0.36050036549568176,-0.09249430894851685,-0.10614575427025556,-0.07816433012485505,0.0009995002498750624,0.035982008995502246,1319
attention_pe,mean,argmax,16,0.341925710439682,0.3161486089229584,0.36772176548838603,-0.12357846647500992,-0.14634191952645778,-0.09931766241788864,0.0009995002498750624,0.035982008995502246,1319
attention_pe,mean,weighted_vote,1,0.30773311853408813,0.2901061475276947,0.32589181512594223,0.0,0.0,0.0,1.0,1.0,1319
attention_pe,mean,weighted_vote,2,0.3288854956626892,0.3110310733318329,0.3478042006492615,0.019977256655693054,0.014745070063509048,0.025361069990321988,0.0009995002498750624,0.035982008995502246,1319
attention_pe,mean,weighted_vote,4,0.36421528458595276,0.3438940517604351,0.3856387376785278,-0.010083396919071674,-0.016680249525234104,-0.0033728198090102576,0.005997001499250375,0.06596701649175413,1319
attention_pe,mean,weighted_vote,8,0.4038286805152893,0.3803241364657879,0.4277872070670128,-0.027445035055279732,-0.03631634023040533,-0.018381349556148074,0.0009995002498750624,0.035982008995502246,1319
attention_pe,mean,weighted_vote,16,0.43366187810897827,0.4063684642314911,0.46095526218414307,-0.03184230625629425,-0.04776345565915108,-0.015163002535700798,0.0009995002498750624,0.035982008995502246,1319
attention_pe,last,argmax,1,0.30773311853408813,0.2901061475276947,0.32589181512594223,0.0,0.0,0.0,1.0,1.0,1319
attention_pe,last,argmax,2,0.3277861773967743,0.3098549902439117,0.34700909852981565,0.018877936527132988,0.013532978482544422,0.024413382215425366,0.0009995002498750624,0.035982008995502246,1319
attention_pe,last,argmax,4,0.33946171402931213,0.3205809473991394,0.3595944099128246,-0.03483699634671211,-0.04367039119824767,-0.026155228307470683,0.0009995002498750624,0.035982008995502246,1319
attention_pe,last,argmax,8,0.3388931155204773,0.31773881316185,0.36050418615341184,-0.092380590736866,-0.10550511479377747,-0.07759667187929153,0.0009995002498750624,0.035982008995502246,1319
attention_pe,last,argmax,16,0.3449583053588867,0.32067853286862374,0.37073540687561035,-0.1205458715558052,-0.14330932460725307,-0.09702426251024018,0.0009995002498750624,0.035982008995502246,1319
attention_pe,last,weighted_vote,1,0.30773311853408813,0.2901061475276947,0.32589181512594223,0.0,0.0,0.0,1.0,1.0,1319
attention_pe,last,weighted_vote,2,0.3277861773967743,0.3098549902439117,0.34700909852981565,0.018877936527132988,0.013532978482544422,0.024413382215425366,0.0009995002498750624,0.035982008995502246,1319
attention_pe,last,weighted_vote,4,0.3592873513698578,0.3389310233294964,0.3805553503334522,-0.015011370182037354,-0.021911486517637968,-0.007771037984639406,0.0009995002498750624,0.035982008995502246,1319
attention_pe,last,weighted_vote,8,0.39541319012641907,0.3724393367767334,0.41815864369273187,-0.03586050122976303,-0.04590693637728691,-0.025586618436500435,0.0009995002498750624,0.035982008995502246,1319
attention_pe,last,weighted_vote,16,0.436694473028183,0.4094010591506958,0.46474602818489075,-0.02880970388650894,-0.0470053069293499,-0.011372251436114311,0.0029985007496251873,0.041979010494752625,1319
random,-,reference,1,0.30773311853408813,0.2901061475276947,0.32589181512594223,0.0,0.0,0.0,nan,nan,1319
random,-,reference,2,0.30890825390815735,0.2913182146847248,0.3261978685855865,0.0,0.0,0.0,nan,nan,1319
random,-,reference,4,0.30394241213798523,0.2872601941227913,0.32126895785331727,-0.0703563243150711,-0.07721853405237197,-0.06398692559450865,nan,nan,1319
random,-,reference,8,0.3085671067237854,0.2905600734055042,0.32653904557228086,-0.12270659953355789,-0.13309326767921448,-0.11224223338067532,nan,nan,1319
random,-,reference,16,0.3282789885997772,0.30022743344306946,0.3555724024772644,-0.1372251659631729,-0.1607278287410736,-0.11448066681623459,nan,nan,1319
oracle,-,reference,1,0.30773311853408813,0.2901061475276947,0.32589181512594223,0.0,0.0,0.0,nan,nan,1319
oracle,-,reference,2,0.4321455657482147,0.4115560732781887,0.4526175133883953,0.12323730438947678,0.11656557768583298,0.12994693219661713,nan,nan,1319
oracle,-,reference,4,0.5547763705253601,0.5322583943605423,0.5772933974862099,0.18047761917114258,0.17058376967906952,0.19059989675879477,nan,nan,1319
oracle,-,reference,8,0.6646701097488403,0.641546605527401,0.6873786926269532,0.2333965003490448,0.21826953887939454,0.24935653135180472,nan,nan,1319
oracle,-,reference,16,0.7604245543479919,0.7369219064712524,0.7839272022247314,0.2949203848838806,0.269143283367157,0.32069748640060425,nan,nan,1319
majority_vote,-,reference,1,0.30773311853408813,0.2901061475276947,0.32589181512594223,0.0,0.0,0.0,nan,nan,1319
majority_vote,-,reference,2,0.30890825390815735,0.2913182146847248,0.3261978685855865,0.0,0.0,0.0,nan,nan,1319
majority_vote,-,reference,4,0.37429869174957275,0.3531055636703968,0.3957572102546692,0.0,0.0,0.0,nan,nan,1319
majority_vote,-,reference,8,0.4312736690044403,0.4067067988216877,0.455234033614397,0.0,0.0,0.0,nan,nan,1319
majority_vote,-,reference,16,0.46550416946411133,0.43745261430740356,0.4927975833415985,0.0,0.0,0.0,nan,nan,1319
